{"cameraMode":{"drawMode":0,"name":"Shaded","section":"Shading Mode"},"sceneLighting":true,"audioPlay":false,"sceneViewState":{"m_AlwaysRefresh":false,"showFog":true,"showSkybox":true,"showFlares":true,"showImageEffects":true,"showParticleSystems":true,"showVisualEffectGraphs":true,"m_FxEnabled":true},"in2DMode":false,"pivot":{"x":280.488037109375,"y":223.52474975585938,"z":1472.728759765625},"rotation":{"x":-0.054209861904382709,"y":-0.05180353298783302,"z":0.0028106162790209057,"w":-0.997182309627533},"size":1233.665283203125,"orthographic":false}