{"cameraMode":{"drawMode":0,"name":"Shaded","section":"Shading Mode"},"sceneLighting":false,"audioPlay":false,"sceneViewState":{"m_AlwaysRefresh":false,"showFog":false,"showSkybox":false,"showFlares":false,"showImageEffects":false,"showParticleSystems":false,"showVisualEffectGraphs":true,"m_FxEnabled":true},"in2DMode":false,"pivot":{"x":0.07003404200077057,"y":0.7738336324691773,"z":0.9882799386978149},"rotation":{"x":-0.04124864935874939,"y":0.957967221736908,"z":-0.21956725418567658,"w":-0.17996695637702943},"size":1.1606868505477906,"orthographic":false}