{"cameraMode":{"drawMode":0,"name":"Shaded","section":"Shading Mode"},"sceneLighting":false,"audioPlay":false,"sceneViewState":{"m_AlwaysRefresh":false,"showFog":false,"showSkybox":false,"showFlares":false,"showImageEffects":false,"showParticleSystems":false,"showVisualEffectGraphs":true,"m_FxEnabled":true},"in2DMode":false,"pivot":{"x":-0.08972358703613281,"y":0.4965274930000305,"z":0.4899939000606537},"rotation":{"x":0.002818053588271141,"y":0.9896266460418701,"z":-0.1422964185476303,"w":0.019598338752985},"size":0.4826383888721466,"orthographic":false}