{"cameraMode":{"drawMode":0,"name":"Shaded","section":"Shading Mode"},"sceneLighting":false,"audioPlay":false,"sceneViewState":{"m_AlwaysRefresh":false,"showFog":true,"showSkybox":false,"showFlares":true,"showImageEffects":true,"showParticleSystems":true,"showVisualEffectGraphs":true,"m_FxEnabled":true},"in2DMode":false,"pivot":{"x":0.28999999165534975,"y":1.2599999904632569,"z":11.869999885559082},"rotation":{"x":0.0024593553971499206,"y":-0.9867599606513977,"z":0.16158264875411988,"w":0.015093233436346054},"size":0.38449692726135256,"orthographic":false}