{"cameraMode":{"drawMode":0,"name":"Shaded","section":"Shading Mode"},"sceneLighting":false,"audioPlay":false,"sceneViewState":{"m_AlwaysRefresh":false,"showFog":true,"showSkybox":false,"showFlares":true,"showImageEffects":true,"showParticleSystems":true,"showVisualEffectGraphs":true,"m_FxEnabled":true},"in2DMode":false,"pivot":{"x":-1.6800000667572022,"y":4.880000114440918,"z":30.389999389648439},"rotation":{"x":0.0024593553971499206,"y":-0.9867599606513977,"z":0.16158264875411988,"w":0.015093233436346054},"size":12.12435531616211,"orthographic":false}