{"cameraMode":{"drawMode":0,"name":"Shaded","section":"Shading Mode"},"sceneLighting":true,"audioPlay":false,"sceneViewState":{"m_AlwaysRefresh":false,"showFog":true,"showSkybox":true,"showFlares":true,"showImageEffects":true,"showParticleSystems":true,"showVisualEffectGraphs":true,"m_FxEnabled":true},"in2DMode":false,"pivot":{"x":525.5572509765625,"y":454.4181213378906,"z":510.624267578125},"rotation":{"x":0.0024593553971499206,"y":-0.9867599606513977,"z":0.16158264875411988,"w":0.015093233436346054},"size":551.6068725585938,"orthographic":false}