{"cameraMode":{"drawMode":0,"name":"Shaded","section":"Shading Mode"},"sceneLighting":false,"audioPlay":false,"sceneViewState":{"m_AlwaysRefresh":false,"showFog":true,"showSkybox":false,"showFlares":true,"showImageEffects":true,"showParticleSystems":true,"showVisualEffectGraphs":true,"m_FxEnabled":true},"in2DMode":false,"pivot":{"x":14.274784088134766,"y":0.9319730997085571,"z":3.062004566192627},"rotation":{"x":0.0024593553971499206,"y":-0.9867599606513977,"z":0.16158264875411988,"w":0.015093233436346054},"size":3.521026372909546,"orthographic":false}