{"cameraMode":{"drawMode":0,"name":"Shaded","section":"Shading Mode"},"sceneLighting":true,"audioPlay":false,"sceneViewState":{"m_AlwaysRefresh":false,"showFog":true,"showSkybox":true,"showFlares":true,"showImageEffects":true,"showParticleSystems":true,"showVisualEffectGraphs":true,"m_FxEnabled":true},"in2DMode":false,"pivot":{"x":-5.516020774841309,"y":2.5629653930664064,"z":11.832721710205079},"rotation":{"x":-0.015543651767075062,"y":0.9843303561210632,"z":-0.11600406467914581,"w":-0.13189277052879334},"size":12.947425842285157,"orthographic":false}